matched_title,total_sentiment_score,Weekend_of,comment_count,post_count,Gross,TotalGross,%LW,post_density,comment_density,comment_post_ratio,total_posts,total_comments
Asteroid City,48.036000000000008,2023-06-16,75.0,1,853382,853382,0.0,0.034482758620689655,0.0078068075361715419,75.0,29,9607.0
Elemental,172.07999999999998,2023-06-16,2069.0,10,29602429,29602429,0.0,0.34482758620689657,0.21536379723118559,206.9,29,9607.0
The Blackening,13.940000000000001,2023-06-16,227.0,5,6013131,6013131,0.0,0.17241379310344829,0.023628604142812534,45.4,29,9607.0
The Flash,127.26099999999998,2023-06-16,7236.0,13,55043679,55043679,0.0,0.44827586206896552,0.75320079108983029,556.61538461538464,29,9607.0
Asteroid City,143.57199999999997,2023-06-23,1836.0,9,9053265,10267979,9.61,0.33333333333333331,0.632013769363167,204.0,27,2905.0
Elemental,283.04799999999994,2023-06-23,316.0,6,18444461,65496376,-0.38,0.22222222222222221,0.10877796901893287,52.666666666666664,27,2905.0
No Hard Feelings,51.241000000000007,2023-06-23,644.0,7,15002770,15002770,0.0,0.25925925925925924,0.22168674698795179,92.0,27,2905.0
The Blackening,31.694999999999997,2023-06-23,5.0,1,3045136,12286841,-0.49,0.037037037037037035,0.0017211703958691911,5.0,27,2905.0
The Flash,504.33499999999987,2023-06-23,104.0,4,15142078,87520581,-0.72,0.14814814814814814,0.035800344234079171,26.0,27,2905.0
Asteroid City,316.12700000000029,2023-06-30,131.0,5,4276925,18621635,-0.53,0.17857142857142858,0.023284749377888374,26.2,28,5626.0
Elemental,101.372,2023-06-30,175.0,5,12128492,89607297,-0.34,0.17857142857142858,0.031105581230003555,35.0,28,5626.0
Indiana Jones and the Dial of Destiny,9.302,2023-06-30,3725.0,6,60368101,60368101,0.0,0.21428571428571427,0.66210451475293286,620.83333333333337,28,5626.0
No Hard Feelings,113.071,2023-06-30,15.0,1,7857860,29668812,-0.48,0.035714285714285712,0.0026661926768574476,15.0,28,5626.0
Scarlet,34.438,2023-06-30,2.0,2,4301,56942,-0.44,0.071428571428571425,0.00035549235691432633,1.0,28,5626.0
The Blackening,25.857,2023-06-30,23.0,1,1438918,15430663,-0.53,0.035714285714285712,0.004088162104514753,23.0,28,5626.0
The Flash,212.295,2023-06-30,203.0,4,5236730,99487668,-0.65,0.14285714285714285,0.03608247422680412,50.75,28,5626.0
Transformers: Rise of the Beasts,2.339,2023-06-30,7.0,1,7353892,136463958,-0.37,0.035714285714285712,0.0012442232492001421,7.0,28,5626.0
Asteroid City,134.65899999999996,2023-07-07,442.0,5,2252795,24017135,-0.47,0.17241379310344829,0.26340882002383792,88.4,29,1678.0
Elemental,106.004,2023-07-07,125.0,6,10032422,109624302,-0.17,0.20689655172413793,0.074493444576877232,20.833333333333332,29,1678.0
Indiana Jones and the Dial of Destiny,64.48,2023-07-07,114.0,5,27421076,122126405,-0.55,0.17241379310344829,0.067938021454112041,22.8,29,1678.0
"Ruby Gillman, Teenage Kraken",8.233,2023-07-07,0.0,1,2846245,11646170,-0.48,0.034482758620689655,0.0,0.0,29,1678.0
Sound of Freedom,21.733999999999998,2023-07-07,450.0,3,19680879,41668249,0.0,0.10344827586206896,0.26817640047675806,150.0,29,1678.0
The Blackening,7.352,2023-07-07,23.0,1,610871,16936009,-0.58,0.034482758620689655,0.013706793802145411,23.0,29,1678.0
The Flash,152.50600000000003,2023-07-07,187.0,6,2265830,105210665,-0.57,0.20689655172413793,0.11144219308700834,31.166666666666668,29,1678.0
Afire,6.213,2023-07-14,1.0,1,38485,38485,0.0,0.026315789473684209,5.2576235541535223e-05,1.0,38,19020.0
Asteroid City,109.38699999999999,2023-07-14,3052.0,6,1184760,26373465,-0.47,0.15789473684210525,0.1604626708727655,508.66666666666669,38,19020.0
Elemental,143.32999999999996,2023-07-14,2666.0,8,9099221,125688508,-0.09,0.21052631578947367,0.14016824395373292,333.25,38,19020.0
Indiana Jones and the Dial of Destiny,36.652,2023-07-14,241.0,2,12268425,145628290,-0.55,0.052631578947368418,0.01267087276550999,120.5,38,19020.0
Insidious: The Red Door,6.612,2023-07-14,0.0,1,13001603,58087157,-0.61,0.026315789473684209,0.0,0.0,38,19020.0
Mission: Impossible Dead Reckoning Part One,3.305,2023-07-14,4.0,1,54688347,78491897,0.0,0.026315789473684209,0.00021030494216614089,4.0,38,19020.0
No Hard Feelings,117.114,2023-07-14,3006.0,1,3280355,46570526,-0.39,0.026315789473684209,0.1580441640378549,3006.0,38,19020.0
Sound of Freedom,122.88700000000003,2023-07-14,4101.0,6,27280179,85778760,0.39,0.15789473684210525,0.21561514195583595,683.5,38,19020.0
The Flash,265.83999999999986,2023-07-14,5640.0,5,750059,106837037,-0.67,0.13157894736842105,0.29652996845425866,1128.0,38,19020.0
The League,55.059,2023-07-14,270.0,2,45568,45568,0.0,0.052631578947368418,0.014195583596214511,135.0,38,19020.0
Theater Camp,2.781,2023-07-14,10.0,1,301220,301220,0.0,0.026315789473684209,0.00052576235541535224,10.0,38,19020.0
Transformers: Rise of the Beasts,6.2490000000000006,2023-07-14,18.0,2,3441343,152785930,-0.33,0.052631578947368418,0.00094637223974763408,9.0,38,19020.0
Afire,5.051,2023-07-21,1.0,1,24174,78025,-0.37,0.0040816326530612249,2.1854579627160872e-05,1.0,245,45757.0
Asteroid City,134.16400000000002,2023-07-21,47.0,5,309680,27277455,-0.74,0.020408163265306121,0.001027165242476561,9.4,245,45757.0
Barbie,1143.78,2023-07-21,17335.0,89,162022044,162022044,0.0,0.363265306122449,0.37884913783683372,194.77528089887642,245,45757.0
Elemental,85.868,2023-07-21,137.0,3,5723492,137157319,-0.37,0.012244897959183673,0.0029940774089210393,45.666666666666664,245,45757.0
Insidious: The Red Door,1.784,2023-07-21,3.0,1,6635210,71136883,-0.49,0.0040816326530612249,6.5563738881482619e-05,3.0,245,45757.0
No Hard Feelings,51.358000000000004,2023-07-21,2.0,2,1085018,49220711,-0.67,0.00816326530612245,4.3709159254321743e-05,1.0,245,45757.0
Oppenheimer,1305.6350000000004,2023-07-21,28044.0,138,82455420,82455420,0.0,0.563265306122449,0.61288983106409944,203.21739130434781,245,45757.0
Sound of Freedom,48.931999999999995,2023-07-21,53.0,1,19825575,124433512,-0.27,0.0040816326530612249,0.0011582927202395262,53.0,245,45757.0
The Flash,194.18899999999991,2023-07-21,118.0,4,317116,107548494,-0.58,0.0163265306122449,0.0025788403960049829,29.5,245,45757.0
Theater Camp,10.644,2023-07-21,17.0,1,280981,687468,-0.07,0.0040816326530612249,0.0003715278536617348,17.0,245,45757.0
Barbie,2350.7729999999992,2023-07-28,5685.0,30,93011602,351414453,-0.43,0.24793388429752067,0.44001547987616096,189.5,121,12920.0
Haunted Mansion,145.55800000000002,2023-07-28,683.0,15,24082475,24082475,0.0,0.12396694214876033,0.052863777089783279,45.533333333333331,121,12920.0
Lakota Nation vs. United States,3.624,2023-07-28,44.0,1,6128,22876,0.88,0.0082644628099173556,0.0034055727554179569,44.0,121,12920.0
Oppenheimer,2192.9910000000009,2023-07-28,3578.0,41,46705630,174566060,-0.43,0.33884297520661155,0.27693498452012383,87.268292682926827,121,12920.0
Sound of Freedom,50.743000000000009,2023-07-28,89.0,3,12814017,149376782,-0.35,0.024793388429752067,0.006888544891640867,29.666666666666668,121,12920.0
Talk To Me,24.142999999999997,2023-07-28,1469.0,5,10431720,10431720,0.0,0.041322314049586778,0.11369969040247678,293.8,121,12920.0
The Beasts,48.916000000000004,2023-07-28,1154.0,19,4248,4248,0.0,0.15702479338842976,0.0893188854489164,60.736842105263158,121,12920.0
The Unknown Country,4.606,2023-07-28,5.0,3,10168,10168,0.0,0.024793388429752067,0.00038699690402476783,1.6666666666666667,121,12920.0
Theater Camp,15.637000000000002,2023-07-28,160.0,1,632207,1503647,1.25,0.0082644628099173556,0.01238390092879257,160.0,121,12920.0
Barbie,986.462,2023-08-04,4526.0,27,53008647,459390060,-0.43,0.23076923076923078,0.47838494873692,167.62962962962962,117,9461.0
Haunted Mansion,169.885,2023-08-04,85.0,5,9213064,42262872,-0.62,0.042735042735042736,0.0089842511362435255,17.0,117,9461.0
Meg 2: The Trench,4.037,2023-08-04,424.0,6,30002735,30002735,0.0,0.05128205128205128,0.044815558609026529,70.666666666666671,117,9461.0
Oppenheimer,1087.2469999999994,2023-08-04,1012.0,42,29121040,228989660,-0.38,0.358974358974359,0.10696543705739352,24.095238095238095,117,9461.0
Passages,4.2,2023-08-04,6.0,2,63277,63277,0.0,0.017094017094017096,0.00063418243314660187,3.0,117,9461.0
Shortcomings,13.609,2023-08-04,210.0,10,300949,300949,0.0,0.085470085470085472,0.022196385160131064,21.0,117,9461.0
Talk To Me,327.757,2023-08-04,488.0,8,6319110,22181890,-0.39,0.068376068376068383,0.051580171229256948,61.0,117,9461.0
Teenage Mutant Ninja Turtles: Mutant Mayhem,8.915,2023-08-04,2588.0,16,28007544,43081012,0.0,0.13675213675213677,0.27354402283056761,161.75,117,9461.0
The First Slam Dunk,24.314999999999994,2023-08-04,122.0,1,111268,1063205,-0.83,0.0085470085470085479,0.012895042807314237,122.0,117,9461.0
Barbie,1501.7710000000004,2023-08-11,8484.0,23,33833294,526442188,-0.36,0.3108108108108108,0.50681003584229389,368.86956521739131,74,16740.0
Haunted Mansion,56.97,2023-08-11,20.0,1,5797073,53054219,-0.37,0.013513513513513514,0.0011947431302270011,20.0,74,16740.0
Jules,32.985,2023-08-11,187.0,9,839622,839622,0.0,0.12162162162162163,0.011170848267622461,20.777777777777779,74,16740.0
Oppenheimer,971.23400000000015,2023-08-11,5302.0,26,18812970,264282445,-0.35,0.35135135135135137,0.316726403823178,203.92307692307693,74,16740.0
Shortcomings,29.705999999999996,2023-08-11,15.0,2,85653,559654,-0.72,0.027027027027027029,0.0008960573476702509,7.5,74,16740.0
Sound of Freedom,32.422,2023-08-11,0.0,1,4868216,172849614,-0.36,0.013513513513513514,0.0,0.0,74,16740.0
Talk To Me,199.97000000000003,2023-08-11,1150.0,6,5024448,31229357,-0.2,0.081081081081081086,0.068697729988052569,191.66666666666666,74,16740.0
Teenage Mutant Ninja Turtles: Mutant Mayhem,5.6869999999999994,2023-08-11,4.0,1,15276936,72316437,-0.45,0.013513513513513514,0.00023894862604540023,4.0,74,16740.0
The Beasts,29.822,2023-08-11,14.0,1,3869,24443,-0.36,0.013513513513513514,0.00083632019115890087,14.0,74,16740.0
The League,25.256,2023-08-11,1504.0,2,646,65616,-0.04,0.027027027027027029,0.089844683393070487,752.0,74,16740.0
Theater Camp,39.552,2023-08-11,60.0,2,274353,3104332,-0.54,0.027027027027027029,0.0035842293906810036,30.0,74,16740.0
Barbie,993.99100000000055,2023-08-18,2702.0,11,21030328,566813193,-0.38,0.17741935483870969,0.35505913272010514,245.63636363636363,62,7610.0
Blue Beetle,82.663,2023-08-18,2516.0,14,25030225,25030225,0.0,0.22580645161290322,0.33061760840998689,179.71428571428572,62,7610.0
Jules,56.346000000000004,2023-08-18,7.0,1,230812,1558921,-0.73,0.016129032258064516,0.00091984231274638633,7.0,62,7610.0
Oppenheimer,814.69800000000112,2023-08-18,1272.0,18,10725510,285357245,-0.43,0.29032258064516131,0.16714848883048619,70.666666666666671,62,7610.0
Passages,16.85,2023-08-18,82.0,1,76870,311158,-0.1,0.016129032258064516,0.010775295663600526,82.0,62,7610.0
Shortcomings,25.607000000000003,2023-08-18,46.0,2,16870,635610,-0.8,0.032258064516129031,0.0060446780551905391,23.0,62,7610.0
Strays,3.19,2023-08-18,468.0,11,8247810,8247810,0.0,0.17741935483870969,0.06149802890932983,42.545454545454547,62,7610.0
Talk To Me,104.93199999999997,2023-08-18,226.0,2,3127265,37335975,-0.38,0.032258064516129031,0.029697766097240473,113.0,62,7610.0
The Beasts,18.445,2023-08-18,21.0,1,3584,30787,-0.07,0.016129032258064516,0.0027595269382391591,21.0,62,7610.0
The League,61.489999999999995,2023-08-18,270.0,1,1134,67219,0.76,0.016129032258064516,0.035479632063074903,270.0,62,7610.0
Barbie,432.40200000000004,2023-08-25,402.0,5,15104145,592805387,-0.28,0.12820512820512819,0.085007401141890468,80.4,39,4729.0
Blue Beetle,326.31,2023-08-25,105.0,2,12158119,45701809,-0.51,0.05128205128205128,0.0222034256713893,52.5,39,4729.0
Oppenheimer,686.13400000000013,2023-08-25,2597.0,12,8220750,299245010,-0.23,0.30769230769230771,0.54916472827236207,216.41666666666666,39,4729.0
Passages,8.445,2023-08-25,159.0,1,44544,415827,-0.42,0.02564102564102564,0.033622330302389508,159.0,39,4729.0
Retribution,13.647,2023-08-25,1105.0,7,3518830,3518830,0.0,0.17948717948717949,0.23366462254176359,157.85714285714286,39,4729.0
Strays,62.153999999999996,2023-08-25,6.0,1,4929665,16405895,-0.4,0.02564102564102564,0.0012687671812222456,6.0,39,4729.0
Blue Beetle,33.496,2023-09-01,157.0,2,7114748,56418800,-0.41,0.10526315789473684,0.15858585858585858,78.5,19,990.0
Haunted Mansion,13.795,2023-09-01,157.0,2,1374270,64129837,-0.31,0.10526315789473684,0.15858585858585858,78.5,19,990.0
Jules,56.04,2023-09-01,0.0,1,31284,1823451,-0.18,0.052631578947368418,0.0,0.0,19,990.0
Shortcomings,16.916,2023-09-01,5.0,1,1193,659003,-0.84,0.052631578947368418,0.0050505050505050509,5.0,19,990.0
Talk To Me,74.607,2023-09-01,26.0,3,1840955,44179358,-0.19,0.15789473684210525,0.026262626262626262,8.6666666666666661,19,990.0
The Equalizer 3,6.322,2023-09-01,263.0,6,34604229,34604229,0.0,0.31578947368421051,0.26565656565656565,43.833333333333336,19,990.0
Blue Beetle,20.477,2023-09-08,106.0,2,3821087,63749642,-0.46,0.058823529411764705,0.083993660855784469,53.0,34,1262.0
Jawan,8.043,2023-09-08,89.0,12,6124963,7496346,0.0,0.35294117647058826,0.0705229793977813,7.416666666666667,34,1262.0
Jules,36.823,2023-09-08,73.0,1,18423,1866623,-0.41,0.029411764705882353,0.057844690966719493,73.0,34,1262.0
Scrapper,10.802,2023-09-08,5.0,1,27085,83055,1.97,0.029411764705882353,0.0039619651347068147,5.0,34,1262.0
The Equalizer 3,30.072000000000003,2023-09-08,2.0,1,12002957,61768365,-0.65,0.029411764705882353,0.0015847860538827259,2.0,34,1262.0
A Haunting in Venice,27.33,2023-09-15,2255.0,16,14279529,14279529,0.0,0.2857142857142857,0.4777542372881356,140.9375,56,4720.0
Blue Beetle,50.324999999999989,2023-09-15,47.0,4,2512268,67318050,-0.34,0.071428571428571425,0.0099576271186440669,11.75,56,4720.0
Dumb Money,30.639,2023-09-15,1847.0,17,220947,220947,0.0,0.30357142857142855,0.39131355932203388,108.64705882352941,56,4720.0
Golda,3.525,2023-09-15,0.0,1,111931,4379103,-0.62,0.017857142857142856,0.0,0.0,56,4720.0
Jawan,35.242,2023-09-15,106.0,7,2414656,12115032,-0.61,0.125,0.022457627118644068,15.142857142857142,56,4720.0
Jules,42.262,2023-09-15,129.0,2,10464,1888512,-0.43,0.035714285714285712,0.027330508474576271,64.5,56,4720.0
Strays,27.863,2023-09-15,144.0,3,377640,23614075,-0.55,0.053571428571428568,0.030508474576271188,48.0,56,4720.0
The Equalizer 3,11.645,2023-09-15,97.0,1,7228918,73673848,-0.4,0.017857142857142856,0.020550847457627117,97.0,56,4720.0
A Haunting in Venice,67.610000000000014,2023-09-22,0.0,1,6302782,25355511,-0.56,0.071428571428571425,0.0,0.0,14,335.0
Dumb Money,10.684000000000001,2023-09-22,220.0,6,2425706,2735581,9.98,0.42857142857142855,0.65671641791044777,36.666666666666664,14,335.0
Retribution,14.571,2023-09-22,6.0,2,23599,6902694,-0.49,0.14285714285714285,0.017910447761194031,3.0,14,335.0
Strays,42.386999999999993,2023-09-22,62.0,4,169200,23923535,-0.55,0.2857142857142857,0.18507462686567164,15.5,14,335.0
A Haunting in Venice,51.375,2023-09-29,2174.0,5,3625864,31440955,-0.42,0.050505050505050504,0.17803619687167307,434.8,99,12211.0
Carlos,36.22,2023-09-29,54.0,7,366675,366675,0.0,0.0707070707070707,0.0044222422406027355,7.7142857142857144,99,12211.0
Common Ground,3.363,2023-09-29,188.0,4,31450,31450,0.0,0.040404040404040407,0.015395954467283597,47.0,99,12211.0
Dumb Money,24.342000000000006,2023-09-29,39.0,3,3325504,7126174,0.37,0.030303030303030304,0.0031938416182130864,13.0,99,12211.0
My Big Fat Greek Wedding 3,7.2,2023-09-29,1.0,1,1169870,26378650,-0.61,0.010101010101010102,8.1893374825976582e-05,1.0,99,12211.0
Saw X,29.501,2023-09-29,3371.0,26,18309301,18309301,0.0,0.26262626262626265,0.276062566538367,129.65384615384616,99,12211.0
The Creator,80.389999999999986,2023-09-29,6347.0,48,14079512,14079512,0.0,0.48484848484848486,0.51977725002047337,132.22916666666666,99,12211.0
The Equalizer 3,12.019,2023-09-29,1.0,1,2701278,85929213,-0.43,0.010101010101010102,8.1893374825976582e-05,1.0,99,12211.0
The Nun II,4.548,2023-09-29,1.0,1,4798872,76883406,-0.44,0.010101010101010102,8.1893374825976582e-05,1.0,99,12211.0
A Haunting in Venice,18.76,2023-10-06,27.0,1,2692512,35614238,-0.26,0.022727272727272728,0.010007412898443291,27.0,44,2698.0
Dicks: The Musical,7.868,2023-10-06,76.0,6,201951,201951,0.0,0.13636363636363635,0.028169014084507043,12.666666666666666,44,2698.0
Jawan,12.902,2023-10-06,1.0,2,206443,14942054,-0.4,0.045454545454545456,0.00037064492216456633,0.5,44,2698.0
Saw X,112.19099999999999,2023-10-06,57.0,4,7837343,32242136,-0.57,0.090909090909090912,0.021126760563380281,14.25,44,2698.0
Strange Way of Life,3.965,2023-10-06,4.0,2,192216,192216,0.0,0.045454545454545456,0.0014825796886582653,2.0,44,2698.0
The Creator,260.50999999999988,2023-10-06,237.0,9,6245290,25075327,-0.56,0.20454545454545456,0.08784284655300223,26.333333333333332,44,2698.0
The Equalizer 3,14.857,2023-10-06,19.0,1,1800939,88803214,-0.33,0.022727272727272728,0.0070422535211267607,19.0,44,2698.0
The Exorcist: Believer,2.228,2023-10-06,2258.0,17,26497600,26497600,0.0,0.38636363636363635,0.83691623424759076,132.8235294117647,44,2698.0
Anatomy of a Fall,29.970000000000002,2023-10-13,352.0,18,117848,117848,0.0,0.32142857142857145,0.12256267409470752,19.555555555555557,56,2872.0
Dicks: The Musical,4.373,2023-10-13,11.0,1,94677,354180,-0.53,0.017857142857142856,0.00383008356545961,11.0,56,2872.0
Dumb Money,9.758,2023-10-13,4.0,2,902828,12608969,-0.57,0.035714285714285712,0.0013927576601671309,2.0,56,2872.0
TAYLOR SWIFT | THE ERAS TOUR,124.689,2023-10-13,2058.0,23,93224755,93224755,0.0,0.4107142857142857,0.71657381615598881,89.478260869565219,56,2872.0
The Creator,159.32099999999997,2023-10-13,406.0,6,4333632,32439376,-0.31,0.10714285714285714,0.14136490250696379,67.666666666666671,56,2872.0
The Exorcist: Believer,17.888,2023-10-13,37.0,3,11019750,44946700,-0.58,0.053571428571428568,0.012883008356545961,12.333333333333334,56,2872.0
Anatomy of a Fall,42.858000000000004,2023-10-20,9.0,1,152316,331808,0.29,0.010416666666666666,0.00079758950726692662,9.0,96,11284.0
Cat Person,4.083,2023-10-20,4.0,1,7597,50652,-0.62,0.010416666666666666,0.00035448422545196739,4.0,96,11284.0
Killers of the Flower Moon,114.93399999999998,2023-10-20,10567.0,79,23253655,23253655,0.0,0.82291666666666663,0.93645870258773489,133.75949367088609,96,11284.0
Saw X,67.022,2023-10-20,214.0,3,3604551,47254428,-0.37,0.03125,0.018964906061680255,71.333333333333329,96,11284.0
TAYLOR SWIFT | THE ERAS TOUR,181.891,2023-10-20,329.0,5,33222621,132405931,-0.64,0.052083333333333336,0.029156327543424319,65.8,96,11284.0
The Creator,92.345999999999975,2023-10-20,16.0,1,2682324,36841611,-0.38,0.010416666666666666,0.0014179369018078695,16.0,96,11284.0
After Death,11.804000000000002,2023-10-27,29.0,2,5051950,5051950,0.0,0.038461538461538464,0.010772659732540862,14.5,52,2692.0
Anatomy of a Fall,5.2379999999999995,2023-10-27,358.0,6,634377,1037014,3.16,0.11538461538461539,0.13298662704309064,59.666666666666664,52,2692.0
Five Nights at Freddy’s,6.543,2023-10-27,588.0,2,80001720,80001720,0.0,0.038461538461538464,0.21842496285289748,294.0,52,2692.0
Killers of the Flower Moon,310.65599999999978,2023-10-27,385.0,8,9319026,40998109,-0.6,0.15384615384615385,0.14301634472511143,48.125,52,2692.0
Priscilla,26.912,2023-10-27,975.0,17,132139,132139,0.0,0.32692307692307693,0.36218424962852896,57.352941176470587,52,2692.0
Saw X,26.016000000000002,2023-10-27,33.0,2,1764053,50375980,-0.51,0.038461538461538464,0.012258543833580981,16.5,52,2692.0
TAYLOR SWIFT | THE ERAS TOUR,53.989,2023-10-27,6.0,1,15548013,150611634,-0.53,0.019230769230769232,0.0022288261515601782,6.0,52,2692.0
The Creator,94.716,2023-10-27,17.0,1,1024456,38869537,-0.62,0.019230769230769232,0.0063150074294205053,17.0,52,2692.0
The Holdovers,7.419,2023-10-27,300.0,12,211093,211093,0.0,0.23076923076923078,0.11144130757800892,25.0,52,2692.0
The Persian Version,5.7780000000000005,2023-10-27,1.0,1,61510,156470,-0.19,0.019230769230769232,0.0003714710252600297,1.0,52,2692.0
Anatomy of a Fall,34.17,2023-11-03,2.0,1,600355,1973371,-0.05,0.028571428571428571,0.00081799591002044991,2.0,35,2445.0
Common Ground,4.241,2023-11-03,1.0,1,3176,162737,-0.58,0.028571428571428571,0.00040899795501022495,1.0,35,2445.0
Killers of the Flower Moon,263.01700000000005,2023-11-03,314.0,9,6872784,52205306,-0.26,0.25714285714285712,0.12842535787321063,34.888888888888886,35,2445.0
Priscilla,20.144000000000002,2023-11-03,1677.0,10,5040003,5265523,37.14,0.2857142857142857,0.68588957055214728,167.7,35,2445.0
Radical,23.689000000000004,2023-11-03,46.0,4,2658047,2658047,0.0,0.11428571428571428,0.018813905930470349,11.5,35,2445.0
Saw X,34.927,2023-11-03,0.0,1,1099664,52450833,-0.38,0.028571428571428571,0.0,0.0,35,2445.0
The Creator,107.97199999999998,2023-11-03,116.0,2,612842,40027083,-0.4,0.057142857142857141,0.047443762781186095,58.0,35,2445.0
The Holdovers,28.515000000000004,2023-11-03,224.0,5,568028,846195,1.69,0.14285714285714285,0.091615541922290392,44.8,35,2445.0
Anatomy of a Fall,66.606000000000023,2023-11-10,58.0,1,460097,2771834,-0.23,0.016949152542372881,0.0072527197699137173,58.0,59,7997.0
Divinity,9.621,2023-11-10,2.0,1,2412,98705,-0.95,0.016949152542372881,0.00025009378516943853,2.0,59,7997.0
Dream Scenario,14.004999999999999,2023-11-10,1059.0,21,220035,220035,0.0,0.3559322033898305,0.13242465924721772,50.428571428571431,59,7997.0
Killers of the Flower Moon,244.75700000000003,2023-11-10,136.0,3,4584043,59871427,-0.33,0.050847457627118647,0.017006377391521822,45.333333333333336,59,7997.0
Priscilla,360.97600000000011,2023-11-10,24.0,3,4601900,12538062,-0.09,0.050847457627118647,0.0030011254220332624,8.0,59,7997.0
TAYLOR SWIFT | THE ERAS TOUR,22.566,2023-11-10,0.0,2,6098625,173384817,-0.55,0.033898305084745763,0.0,0.0,59,7997.0
The Holdovers,46.703,2023-11-10,555.0,8,3221085,4295345,4.67,0.13559322033898305,0.0694010253845192,69.375,59,7997.0
The Marvels,112.032,2023-11-10,6103.0,17,46110859,46110859,0.0,0.288135593220339,0.7631611854445417,359.0,59,7997.0
Anatomy of a Fall,151.249,2023-11-17,187.0,1,175540,3194787,-0.62,0.012048192771084338,0.039694332413500316,187.0,83,4711.0
Dream Scenario,39.643999999999991,2023-11-17,22.0,3,256864,590412,0.17,0.03614457831325301,0.0046699214604118021,7.333333333333333,83,4711.0
Journey to Bethlehem,10.308,2023-11-17,6.0,1,1002401,4320612,-0.58,0.012048192771084338,0.0012736149437486733,6.0,83,4711.0
Killers of the Flower Moon,272.53500000000008,2023-11-17,97.0,2,1959074,63609106,-0.57,0.024096385542168676,0.020590108257270218,48.5,83,4711.0
Priscilla,30.609999999999996,2023-11-17,187.0,1,2326380,16982259,-0.49,0.012048192771084338,0.039694332413500316,187.0,83,4711.0
Saltburn,47.477000000000004,2023-11-17,638.0,23,322651,322651,0.0,0.27710843373493976,0.13542772235194225,27.739130434782609,83,4711.0
Thanksgiving,313.27800000000008,2023-11-17,1515.0,28,10306272,10306272,0.0,0.33734939759036142,0.32158777329654004,54.107142857142854,83,4711.0
The Holdovers,167.348,2023-11-17,187.0,2,2697290,8354770,-0.16,0.024096385542168676,0.039694332413500316,93.5,83,4711.0
Trolls Band Together,3.879,2023-11-17,65.0,7,30002525,31172525,0.0,0.084337349397590355,0.01379749522394396,9.2857142857142865,83,4711.0
Dream Scenario,21.083,2023-11-24,164.0,5,639521,1387818,1.49,0.031446540880503145,0.0080160320641282558,32.8,159,20459.0
Killers of the Flower Moon,306.59300000000007,2023-11-24,1379.0,3,1105099,65675456,-0.44,0.018867924528301886,0.067403098880688211,459.66666666666669,159,20459.0
Napoleon,829.68400000000031,2023-11-24,14630.0,110,20638887,32752716,0.0,0.69182389937106914,0.71508871401339269,133.0,159,20459.0
Radical,41.138000000000005,2023-11-24,4.0,1,755341,7817638,-0.21,0.0062893081761006293,0.0001955129771738599,4.0,159,20459.0
Saltburn,73.282000000000011,2023-11-24,677.0,4,1860648,3222673,4.77,0.025157232704402517,0.033090571386675788,169.25,159,20459.0
Thanksgiving,434.43299999999994,2023-11-24,1909.0,26,7070793,24000325,-0.31,0.16352201257861634,0.093308568356224642,73.42307692307692,159,20459.0
The Holdovers,158.35299999999998,2023-11-24,252.0,5,2798235,12931320,0.04,0.031446540880503145,0.012317317561953174,50.4,159,20459.0
The Marvels,127.07199999999999,2023-11-24,1432.0,2,6325243,76755559,-0.38,0.012578616352201259,0.069993645828241843,716.0,159,20459.0
Trolls Band Together,4.8469999999999995,2023-11-24,10.0,2,17809660,64763725,-0.41,0.012578616352201259,0.00048878244293464978,5.0,159,20459.0
Animal,142.18599999999998,2023-12-01,12684.0,83,6524573,6524573,0.0,0.54605263157894735,0.68417929769674735,152.81927710843374,152,18539.0
Dream Scenario,24.831,2023-12-01,418.0,5,1689446,3470330,1.64,0.032894736842105261,0.022547062948379094,83.6,152,18539.0
Five Nights at Freddy’s,4.107,2023-12-01,53.0,1,412490,136930060,-0.76,0.0065789473684210523,0.0028588381250337128,53.0,152,18539.0
Godzilla Minus One,124.13399999999996,2023-12-01,2934.0,14,11419975,11419975,0.0,0.092105263157894732,0.15826096337450779,209.57142857142858,152,18539.0
Napoleon,661.08200000000011,2023-12-01,782.0,14,7276612,45891855,-0.65,0.092105263157894732,0.042181347429742708,55.857142857142854,152,18539.0
Radical,22.201999999999998,2023-12-01,2.0,2,250926,8228285,-0.67,0.013157894736842105,0.00010788068396353632,1.0,152,18539.0
Saltburn,144.70199999999997,2023-12-01,45.0,3,1687567,6354453,-0.09,0.019736842105263157,0.0024273153891795672,15.0,152,18539.0
Thanksgiving,674.066,2023-12-01,690.0,8,2621721,28369354,-0.63,0.052631578947368418,0.037218835967420032,86.25,152,18539.0
The Holdovers,97.518999999999991,2023-12-01,301.0,6,1203350,15127635,-0.57,0.039473684210526314,0.016236042936512218,50.166666666666664,152,18539.0
The Marvels,123.619,2023-12-01,459.0,6,2526164,80752350,-0.6,0.039473684210526314,0.024758616969631587,76.5,152,18539.0
The Shift,22.759999999999998,2023-12-01,136.0,5,4300165,4300165,0.0,0.032894736842105261,0.0073358865095204707,27.2,152,18539.0
Animal,242.62000000000006,2023-12-08,438.0,4,2483326,11760703,-0.62,0.032786885245901641,0.047346232839693005,109.5,122,9251.0
Dream Scenario,81.136,2023-12-08,69.0,4,612143,4894432,-0.64,0.032786885245901641,0.0074586531185817746,17.25,122,9251.0
Godzilla Minus One,325.271,2023-12-08,782.0,10,8591413,25592747,-0.25,0.081967213114754092,0.084531402010593448,78.2,122,9251.0
Napoleon,276.51799999999986,2023-12-08,319.0,8,4116137,53010709,-0.43,0.065573770491803282,0.034482758620689655,39.875,122,9251.0
Poor Things,67.597000000000008,2023-12-08,1347.0,42,661230,661230,0.0,0.34426229508196721,0.14560588044535727,32.071428571428569,122,9251.0
Radical,25.449,2023-12-08,2248.0,1,119055,8439411,-0.53,0.00819672131147541,0.24300075667495405,2248.0,122,9251.0
Saltburn,47.250000000000007,2023-12-08,18.0,3,1085670,8638375,-0.36,0.024590163934426229,0.0019457355961517674,6.0,122,9251.0
Smoke Sauna Sisterhood,4.275,2023-12-08,1.0,1,607,8492,-0.53,0.00819672131147541,0.00010809642200843153,1.0,122,9251.0
Thanksgiving,141.703,2023-12-08,152.0,4,1201536,30473205,-0.54,0.032786885245901641,0.016430656145281591,38.0,122,9251.0
The Marvels,100.70599999999999,2023-12-08,16.0,1,1351690,82962128,-0.46,0.00819672131147541,0.0017295427521349044,16.0,122,9251.0
The Shift,25.339,2023-12-08,27.0,3,2120961,8463761,-0.51,0.024590163934426229,0.002918603394227651,9.0,122,9251.0
American Fiction,25.761,2023-12-15,584.0,13,224469,224469,0.0,0.11206896551724138,0.048678836375760606,44.92307692307692,116,11997.0
Animal,154.02199999999996,2023-12-15,17.0,3,873031,13641105,-0.65,0.025862068965517241,0.001417020921897141,5.666666666666667,116,11997.0
Poor Things,117.46400000000003,2023-12-15,127.0,4,1282208,2228972,0.94,0.034482758620689655,0.010585979828290406,31.75,116,11997.0
Saltburn,71.241,2023-12-15,159.0,6,702294,10164647,-0.35,0.051724137931034482,0.013253313328332083,26.5,116,11997.0
Thanksgiving,70.593,2023-12-15,66.0,4,507911,31429920,-0.58,0.034482758620689655,0.005501375343835959,16.5,116,11997.0
The Shift,14.654,2023-12-15,4.0,3,1052239,10681871,-0.5,0.025862068965517241,0.00033341668750520962,1.3333333333333333,116,11997.0
The Zone of Interest,18.274,2023-12-15,513.0,16,129934,129934,0.0,0.13793103448275862,0.042760690172543137,32.0625,116,11997.0
Wonka,193.217,2023-12-15,10527.0,66,39005800,39005800,0.0,0.56896551724137934,0.87746936734183545,159.5,116,11997.0
All of Us Strangers,19.97,2023-12-22,241.0,23,117965,117965,0.0,0.14375,0.015617911995334069,10.478260869565217,160,15431.0
American Fiction,58.46,2023-12-22,177.0,4,429182,750821,0.91,0.025,0.011470416693668588,44.25,160,15431.0
Animal,168.668,2023-12-22,396.0,4,267528,14411211,-0.69,0.025,0.02566262717905515,99.0,160,15431.0
Aquaman and the Lost Kingdom,7.352,2023-12-22,3654.0,16,27686211,27686211,0.0,0.1,0.23679605987946342,228.375,160,15431.0
Godzilla Minus One,313.1570000000001,2023-12-22,870.0,10,2644548,40262365,-0.48,0.0625,0.0563800142570151,87.0,160,15431.0
Migration,4.713,2023-12-22,296.0,20,12453275,12453275,0.0,0.125,0.01918216577020284,14.8,160,15431.0
Napoleon,189.89799999999997,2023-12-22,32.0,3,805583,59236344,-0.64,0.01875,0.0020737476508327392,10.666666666666666,160,15431.0
Poor Things,166.42899999999995,2023-12-22,1692.0,19,2118901,5059120,0.65,0.11875,0.10964940703778109,89.05263157894737,160,15431.0
Saltburn,134.44299999999998,2023-12-22,2868.0,5,165379,10970725,-0.76,0.03125,0.18585963320588425,573.6,160,15431.0
Thanksgiving,69.171,2023-12-22,135.0,5,59078,31755051,-0.88,0.03125,0.00874862290195062,27.0,160,15431.0
The Iron Claw,25.387999999999998,2023-12-22,3203.0,20,4868370,4868370,0.0,0.125,0.2075691789255395,160.15,160,15431.0
The Sweet East,4.079,2023-12-22,5.0,1,4618,82802,-0.51,0.00625,0.0003240230704426155,5.0,160,15431.0
The Zone of Interest,51.148,2023-12-22,131.0,4,82732,293033,-0.36,0.025,0.0084894044455965257,32.75,160,15431.0
Wonka,686.27199999999959,2023-12-22,490.0,7,18051678,75554395,-0.54,0.04375,0.031754260903376318,70.0,160,15431.0
All of Us Strangers,10.125,2023-12-29,88.0,3,113605,346514,-0.04,0.0196078431372549,0.0080321285140562242,29.333333333333332,153,10956.0
American Fiction,66.577,2023-12-29,105.0,4,410617,1655483,-0.04,0.026143790849673203,0.0095837897042716311,26.25,153,10956.0
Animal,220.35699999999997,2023-12-29,624.0,5,123058,14770658,-0.54,0.032679738562091505,0.056955093099671415,124.8,153,10956.0
Anyone But You,34.856,2023-12-29,339.0,2,8751971,24837385,0.46,0.013071895424836602,0.030941949616648413,169.5,153,10956.0
Aquaman and the Lost Kingdom,17.368,2023-12-29,18.0,2,18271620,76469713,-0.34,0.013071895424836602,0.0016429353778751369,9.0,153,10956.0
Ferrari,240.69400000000007,2023-12-29,5081.0,60,3921773,10778480,0.0,0.39215686274509803,0.46376414749908723,84.683333333333337,153,10956.0
Godzilla Minus One,303.14200000000011,2023-12-29,500.0,7,2279011,45580412,-0.14,0.0457516339869281,0.045637093829864916,71.428571428571431,153,10956.0
Migration,45.579000000000008,2023-12-29,0.0,1,17011310,54103955,0.37,0.0065359477124183009,0.0,0.0,153,10956.0
Napoleon,204.71800000000002,2023-12-29,727.0,5,528891,60534093,-0.34,0.032679738562091505,0.066356334428623584,145.4,153,10956.0
Poor Things,297.107,2023-12-29,774.0,9,2263852,10269036,0.07,0.058823529411764705,0.070646221248630889,86.0,153,10956.0
The Boys in the Boat,13.398,2023-12-29,251.0,8,8400548,21998472,0.0,0.052287581699346407,0.022909821102592189,31.375,153,10956.0
The Color Purple,48.549000000000007,2023-12-29,731.0,27,11737072,44047642,0.0,0.17647058823529413,0.0667214311792625,27.074074074074073,153,10956.0
The Iron Claw,119.80300000000001,2023-12-29,1169.0,4,4649775,15964922,-0.04,0.026143790849673203,0.10669952537422417,292.25,153,10956.0
The Zone of Interest,26.535,2023-12-29,13.0,2,86342,463787,0.04,0.013071895424836602,0.0011865644395764878,6.5,153,10956.0
Wonka,268.12699999999995,2023-12-29,402.0,7,22477006,133129902,0.25,0.0457516339869281,0.036692223439211392,57.428571428571431,153,10956.0
All of Us Strangers,29.007,2024-01-05,361.0,4,430344,871091,2.79,0.0425531914893617,0.020332300760349198,90.25,94,17755.0
American Fiction,43.372,2024-01-05,508.0,9,986643,2956650,1.4,0.095744680851063829,0.028611658687693609,56.444444444444443,94,17755.0
Animal,237.96600000000007,2024-01-05,469.0,6,67336,14934983,-0.45,0.063829787234042548,0.026415094339622643,78.166666666666671,94,17755.0
Anselm,2.943,2024-01-05,20.0,1,40250,223433,0.42,0.010638297872340425,0.0011264432554210081,20.0,94,17755.0
Anyone But You,23.797,2024-01-05,347.0,2,9751317,43964961,0.11,0.021276595744680851,0.019543790481554493,173.5,94,17755.0
Aquaman and the Lost Kingdom,11.84,2024-01-05,323.0,1,10600624,100011903,-0.42,0.010638297872340425,0.018192058575049283,323.0,94,17755.0
Ferrari,172.994,2024-01-05,550.0,9,2451857,15952316,-0.37,0.095744680851063829,0.030977189524077724,61.111111111111114,94,17755.0
Godzilla Minus One,293.23400000000004,2024-01-05,538.0,8,1742769,49183612,-0.24,0.0851063829787234,0.030301323570825121,67.25,94,17755.0
Migration,16.742,2024-01-05,323.0,1,9996880,77567015,-0.41,0.010638297872340425,0.018192058575049283,323.0,94,17755.0
Poor Things,308.24999999999994,2024-01-05,582.0,9,1971798,14199040,-0.13,0.095744680851063829,0.032779498732751336,64.666666666666671,94,17755.0
The Boys in the Boat,20.416999999999998,2024-01-05,323.0,1,5584210,33460829,-0.34,0.010638297872340425,0.018192058575049283,323.0,94,17755.0
The Color Purple,35.9,2024-01-05,93.0,5,4643901,54500334,-0.6,0.053191489361702128,0.0052379611377076883,18.6,94,17755.0
The Iron Claw,104.727,2024-01-05,1160.0,4,4521555,24878696,-0.03,0.0425531914893617,0.065333708814418467,290.0,94,17755.0
The Shift,25.886000000000003,2024-01-05,0.0,1,56090,12074178,-0.56,0.010638297872340425,0.0,0.0,94,17755.0
The Zone of Interest,58.323,2024-01-05,360.0,3,86298,635479,0.0,0.031914893617021274,0.020275978597578147,120.0,94,17755.0
Weak Layers,2.943,2024-01-05,20.0,1,40801,40801,0.0,0.010638297872340425,0.0011264432554210081,20.0,94,17755.0
Wonka,200.70899999999992,2024-01-05,10634.0,8,14077078,164301380,-0.37,0.0851063829787234,0.59892987890735,1329.25,94,17755.0
All of Us Strangers,28.286999999999995,2024-01-12,3.0,4,464300,1523978,0.08,0.026666666666666668,7.7667892093408585e-05,0.75,150,38626.0
American Fiction,49.440999999999988,2024-01-12,2.0,3,1904263,5219468,0.93,0.02,5.1778594728939054e-05,0.66666666666666663,150,38626.0
Anselm,2.856,2024-01-12,1.0,1,31650,281096,-0.21,0.0066666666666666671,2.5889297364469527e-05,1.0,150,38626.0
Anyone But You,9.043,2024-01-12,1.0,1,7124539,55363909,-0.27,0.0066666666666666671,2.5889297364469527e-05,1.0,150,38626.0
Aquaman and the Lost Kingdom,2.856,2024-01-12,1.0,1,5254970,108218317,-0.5,0.0066666666666666671,2.5889297364469527e-05,1.0,150,38626.0
Ferrari,151.27200000000005,2024-01-12,210.0,11,627479,17506584,-0.74,0.073333333333333334,0.0054367524465386008,19.09090909090909,150,38626.0
Migration,10.068,2024-01-12,1.0,2,6232325,85797960,-0.38,0.013333333333333334,2.5889297364469527e-05,0.5,150,38626.0
Poor Things,353.52099999999979,2024-01-12,5725.0,16,1789523,17312830,-0.09,0.10666666666666667,0.14821622741158805,357.8125,150,38626.0
The Book of Clarence,5.1370000000000005,2024-01-12,511.0,12,2557027,2557027,0.0,0.08,0.013229430953243929,42.583333333333336,150,38626.0
The Boys in the Boat,8.923,2024-01-12,1.0,1,3432749,39263852,-0.39,0.0066666666666666671,2.5889297364469527e-05,1.0,150,38626.0
The Color Purple,37.692,2024-01-12,26.0,3,1827617,57777463,-0.61,0.02,0.00067312173147620778,8.6666666666666661,150,38626.0
The Iron Claw,63.937000000000005,2024-01-12,1.0,1,2400878,29178125,-0.47,0.0066666666666666671,2.5889297364469527e-05,1.0,150,38626.0
The Zone of Interest,33.738,2024-01-12,1.0,2,238480,939866,1.76,0.013333333333333334,2.5889297364469527e-05,0.5,150,38626.0
Wonka,303.6219999999999,2024-01-12,375.0,8,8468025,176281880,-0.4,0.053333333333333337,0.0097084865116760736,46.875,150,38626.0
All of Us Strangers,22.688,2024-01-19,103.0,4,556219,2339691,0.2,0.11764705882352941,0.076523031203566128,25.75,34,1346.0
American Fiction,29.098,2024-01-19,0.0,2,1755364,7959023,-0.08,0.058823529411764705,0.0,0.0,34,1346.0
Ferrari,90.112999999999985,2024-01-19,11.0,1,276007,18100935,-0.56,0.029411764705882353,0.0081723625557206542,11.0,34,1346.0
The Book of Clarence,13.119,2024-01-19,1.0,2,1101433,4673982,-0.57,0.058823529411764705,0.0007429420505200594,0.5,34,1346.0
The Boys in the Boat,8.7510000000000012,2024-01-19,11.0,1,2536886,43864293,-0.26,0.029411764705882353,0.0081723625557206542,11.0,34,1346.0
The Color Purple,54.419,2024-01-19,0.0,2,738219,59300424,-0.6,0.058823529411764705,0.0,0.0,34,1346.0
The Iron Claw,36.559,2024-01-19,12.0,2,1546304,32012034,-0.36,0.058823529411764705,0.0089153046062407128,6.0,34,1346.0
The Zone of Interest,18.929000000000002,2024-01-19,389.0,7,448057,1557143,0.88,0.20588235294117646,0.28900445765230309,55.571428571428569,34,1346.0
All of Us Strangers,61.893999999999984,2024-01-26,109.0,4,422005,3053125,-0.24,0.125,0.15843023255813954,27.25,32,688.0
Aquaman and the Lost Kingdom,2.283,2024-01-26,11.0,1,2722885,118004919,-0.26,0.03125,0.015988372093023256,11.0,32,688.0
Ferrari,43.889,2024-01-26,8.0,2,122590,18358586,-0.56,0.0625,0.011627906976744186,4.0,32,688.0
Hundreds of Beavers,6.436,2024-01-26,25.0,3,4625,4625,0.0,0.09375,0.036337209302325583,8.3333333333333339,32,688.0
Migration,5.834,2024-01-26,7.0,1,4897555,101001215,-0.1,0.03125,0.010174418604651164,7.0,32,688.0
The Boys in the Boat,13.161999999999999,2024-01-26,17.0,1,1970291,47223499,-0.22,0.03125,0.024709302325581394,17.0,32,688.0
The Color Purple,66.307,2024-01-26,110.0,5,427654,60001545,-0.42,0.15625,0.15988372093023256,22.0,32,688.0
The Iron Claw,108.72400000000002,2024-01-26,108.0,1,974587,33686790,-0.37,0.03125,0.15697674418604651,108.0,32,688.0
Argylle,126.52500000000003,2024-02-02,4760.0,27,17473540,17473540,0.0,0.675,0.913452312416043,176.2962962962963,40,5211.0
Ferrari,81.423,2024-02-02,33.0,1,55188,18474845,-0.55,0.025,0.0063327576280944155,33.0,40,5211.0
Skin Deep,5.9879999999999995,2024-02-02,6.0,1,5268,5268,0.0,0.025,0.0011514104778353484,6.0,40,5211.0
The Color Purple,53.584,2024-02-02,23.0,2,200279,60353901,-0.53,0.05,0.004413740165035502,11.5,40,5211.0
Argylle,159.625,2024-02-09,85.0,3,6249360,28563505,-0.64,0.10714285714285714,0.035401915868388173,28.333333333333332,28,2401.0
Ennio,19.491,2024-02-09,1881.0,14,7591,7591,0.0,0.5,0.78342357351103709,134.35714285714286,28,2401.0
Hundreds of Beavers,3.289,2024-02-09,13.0,1,9035,40294,0.23,0.035714285714285712,0.005414410662224073,13.0,28,2401.0
Argylle,75.781,2024-02-16,101.0,4,4887335,36635815,-0.22,0.125,0.048604427333974978,25.25,32,2078.0
The Book of Clarence,5.912,2024-02-16,4.0,1,25368,6121536,-0.67,0.03125,0.0019249278152069298,4.0,32,2078.0
About Dry Grasses,2.231,2024-02-23,68.0,6,14651,14651,0.0,0.35294117647058826,0.062615101289134445,11.333333333333334,17,1086.0
Argylle,54.876,2024-02-23,416.0,2,2739300,41630885,-0.44,0.11764705882352941,0.3830570902394107,208.0,17,1086.0
Hundreds of Beavers,7.868,2024-02-23,0.0,1,10964,58174,2.8,0.058823529411764705,0.0,0.0,17,1086.0
Land of Bad,20.655,2024-02-23,559.0,1,982863,3595018,-0.47,0.058823529411764705,0.51473296500920807,559.0,17,1086.0
Ordinary Angels,3.374,2024-02-23,40.0,6,6163600,6163600,0.0,0.35294117647058826,0.036832412523020261,6.666666666666667,17,1086.0
Argylle,53.942,2024-03-01,2.0,1,1384565,43953370,-0.49,0.0625,0.00010468463752944256,2.0,16,19105.0
Cabrini,3.487,2024-03-08,11.0,2,7168520,7168520,0.0,0.020202020202020204,0.0008881711748082358,5.5,99,12385.0
Imaginary,42.44,2024-03-08,10509.0,59,9912713,9912713,0.0,0.59595959595959591,0.84852644327815907,178.11864406779662,99,12385.0
Imaginary,83.825,2024-03-15,518.0,3,5552010,19033678,-0.44,0.33333333333333331,0.29398410896708288,172.66666666666666,9,1762.0
Ordinary Angels,3.387,2024-03-15,1.0,1,942488,18015409,-0.53,0.1111111111111111,0.00056753688989784334,1.0,9,1762.0
Cabrini,21.442,2024-03-22,20.0,1,1426375,16160978,-0.49,0.14285714285714285,0.055710306406685235,20.0,7,359.0
Imaginary,51.059000000000005,2024-03-22,1.0,1,2781299,23606097,-0.5,0.14285714285714285,0.0027855153203342618,1.0,7,359.0
Cabrini,13.086,2024-03-29,40.0,1,1005549,18109937,-0.3,0.2,0.43478260869565216,40.0,5,92.0
Imaginary,214.848,2024-04-05,13.0,3,539220,27423628,-0.61,0.42857142857142855,0.35135135135135137,4.333333333333333,7,37.0
Imaginary,55.857000000000006,2024-04-12,12.0,2,232548,27804300,-0.57,1.0,1.0,6.0,2,12.0